Title,URL,Skills,Projects
Javier Guzmán – Machine Learning Engineer,https://jgoodman8.github.io/resume.pdf,,"Metadata 73 0 R , Metadata , Annots 57 0 R , Length 399 , Length 19 , LCanon EOS 60D, Annots 59 0 R , Info 9 0 R , Lengt"
Machine Learning Engineer - Template 14,https://d2o2utebsixu4k.cloudfront.net/media/files/01728151-b8a4-427b-92e0-9c80fb5d07b0.pdf,,"Parent 11 0 R, Contents 10 0 R, StructParents 0, MediaBox "
Machine Learning Engineer - Content Delivery Network (CDN),https://bpb-us-e1.wpmucdn.com/sites.ucsc.edu/dist/a/1362/files/2023/10/SujitNoronha_Resume_UCSC_NLPMS.pdf,Machine Learning,"Gs2 11 0 R, Identity-H, FontFile2 53 0 R, ToUnicode 52 0 R, XYZ null 841, Lato-Bold, Length 5027, Supplement 0, BitsPerC"
NOAH PICARD - Machine Learning Engineer noahpicard.com ...,https://noahpicard.com/resources/Resume%20-%20Noah%20Picard.pdf,,"Length1 20385, Description rdf, FontDescriptor 374 0 R, Identity-H, Metadata 5 0 R, FontFile2 376 0 R, Length 7848, Cont"
"Herikc Brecher, Machine Learning Engineer",https://herikcbrecher.com/pdf/cv/Resume.pdf,,"Length 22 0 R, ABEBGaramond-Regular, FontFile2 16 0 R, Encoding , FontFile2 21 0 R, Length 27 0 R, CapHeight 872, FontDe"
Machine Learning Engineer,https://jonathantellechea.com/Resume.pdf,Machine Learning,"Contents 6 0 R, ToUnicode 39 0 R, Length 1209, Encoding , Identity-H, FontFile2 36 0 R, Length 6140, Creator 29 0 R, ToU"
"Jim Tyhurst, Ph.D. Machine Learning Engineer Professional ...",https://www.jimtyhurst.com/resources/Jim_Tyhurst-Resume-ML_Engineer.pdf,,"CreationDate , OS Version 10, ToUnicode 25 0 R , FirstChar 33 , Length1 3932 , Resources 4 0 R , LastChar 114 , AA false"
Machine Learning Engineer Resume Summary,https://files.secure.website/wscfus/10608516/26753489/machine-learning-engineer-resume-summary.pdf,"Machine Learning, sQL","Contents 6 0 R, Length 1578, SMask 11 0 R, Length 1608, CreationDate , Pages 1 0 R, Length 18549, Root 15 0 R, Contents "
"Mark Andreev, Senior Machine learning engineer",https://mrkandreev.name/upload/resume/cv.pdf,,"R 8 0 R 9 0 R 10 0 R 11 0 R 12 0 R, Contents 19 0 R, MediaBox , Parent 20 0 R, R 16 0 R 17 0 R 18 0 R, StructParents 1, "
ARTHUR DEGONDE - Machine Learning Engineer,https://www.degonde-mlengineer.com/assets/files/cv.pdf,,"StemV 79 , FirstChar 167 , Metadata , Description rdf, FontAwesome5Brands-Regular , CreationDate , IEC 61966-2, ColorSpa"
Machine Learning Engineer,https://www.seasoasa.ucla.edu/wp-content/uploads/seasoasa/Machine-Learning-Engineer-1.pdf,,"XRefStm 163830, Contents 24 0 R, FlateDecode, StructParents 5, JLxJLxJLx, Contents 4 0 R, R 15 0 R 16 0 R 22 0 R, Struct"
Lin Lin Hlaing Machine Learning Engineer | Python Developer ...,https://linlinhlaing.com/LinHlaing-resume.pdf,Sql,"KBjCLOhmKF8, PxpxHxhxXx8, Encoding , FontDescriptor 22 0 R , IDPDdDlDRD, Root 1 0 R , FontStretch , FontDescriptor , Len"
Michael Chung • Senior iOS / Machine Learning Engineer at ...,http://databites.ca/download/michael-chung-resume.pdf,,"Read the full documentation for more info, GitHub Pages , For root URLs , If this is your site, GitHub Pages 404 File no"
Machine Learning Engineer,https://mcv.uab.cat/wp-content/uploads/2021/12/Sonicat-Machine-Learning-Engineer.pdf,,"Perceptual , Photoshop 3, Picture 3, FirstChar 33 , AvgWidth 572 , Resources 4 0 R , R 64 0 R , P 58 0 R , Length 2612 ,"
MAHEEDHAR K. Objective: Experienced and motivated Machine ...,https://cdn.prod.website-files.com/63028ee0b0ee91e7e7ff6376/66478e905074e9acff7525e3_L5uKfIq96OV-U5mGuHk1EymuSkx_4ahFdI0f8z134RE.pdf,,"CreationDate , Length 8 0 R, Identity-H, Descent -442, CIDToGIDMap 16 0 R, Length 31 0 R, Supplement 0, PageMode , Roman"
Machine Learning Engineer,https://ece.hkust.edu.hk/sites/default/files/20220105_Machine%20Learning%20Engineer_Goldman%20Sachs.pdf,Machine Learning,"FontFile2 27 0 R , CreationDate , R 13 0 R , LastChar 67 , Length 371 , Length1 8456 , MaxWidth 1231 , TT6 11 0 R , Font"
Example of Senior Machine Learning Engineer Job Description,https://asset.velvetjobs.com/job-description-examples/pdf/senior-machine-learning-engineer-v5.pdf,,"StructParents 1, MediaBox , Contents 9 0 R, Contents 7 0 R, Parent 10 0 R, StructParents 0"
Machine Learning Engineer (f/m/d),https://www.hdvisionsystems.com/wp-content/uploads/2021/02/HD-Vision-Systems_MachineLearningEngineer_EN.pdf,,"Metadata 86 0 R, CMESiSMuE, Description rdf, W5M0MpCehiHzreSzNTczkc9d, ViewerPreferences 87 0 R, Microsoft Office User, "
Machine Learning Engineer,https://fluenceenergy.com/wp-content/uploads/2019/08/Machine-Learning-Engineer-_-FLUENCE-.pdf,,"XRefStm 205826, Word for Office 365 2019-08-16T17, E471163C160CF4D9920531834330E31, Length 288, FlateDecode, Microsoft, "
Machine Learning Engineer,https://www.seasoasa.ucla.edu/wp-content/uploads/seasoasa/Machine-Learning-Engineer.pdf,nlp,"Contents 4 0 R, StructParent 6, Length 310, CD26E82AA3E554EB655531E88C1B714, StructParent 2, StructParent 1, XRefStm 147"
Adam Alansary - Artificial Intelligence Engineer,https://www.linkedin.com/in/adam-alansary,,
Martin Lawler - Artificial Intelligence and Machine Learning ...,https://www.linkedin.com/in/martinjlawler,,
Erik Kleine - Artificial Intelligence/Machine Learning Engineer,https://www.linkedin.com/in/erik-kleine,,
Sayem Khan - Artificial Intelligence & Machine Learning ...,https://in.linkedin.com/in/sayem-khan-3b5bb727a,,
"Roberta N. - Machine Learning Engineer | MSc, Artificial ...",https://www.linkedin.com/in/roberta-n-566b64116,,
Devansh Devansh - Chocolate Milk Cult Leader| Machine ...,https://www.linkedin.com/in/devansh-devansh-516004168,,
Pierre-Alexandre Broux - Machine Learning Engineer ...,https://www.linkedin.com/in/pierre-alexandrebroux/,,
David C. - Senior Machine Learning Engineer,https://www.linkedin.com/in/david-neun-ai-robotics,,
Abdul Rehman Raja - Machine Learning (ML) & Artificial ...,https://pk.linkedin.com/in/abdul-rehman-raja-ba9711192,,
"Darshan BR - AI/ML Engineer | Building, learning, and ...",https://in.linkedin.com/in/darshan-br-9880rb,,
Sid Sriram - Senior Machine Learning Engineer | Stanford ML,https://www.linkedin.com/in/sidxsriram,,
Davis C. - Engineering Supervisor | AI & Machine Learning ...,https://www.linkedin.com/in/davis-c-37653810a,,
Albert Ster - Artificial Intelligence Engineer Machine ...,https://www.linkedin.com/in/albert-ster-a278b421a,,
Gideon George - Machine Learning Engineer | AI Researcher,https://ng.linkedin.com/in/gideon-george-ai,,
Hossein Amirkhani - Senior Machine Learning Engineer ...,https://www.linkedin.com/in/hossein-amirkhani,,
Krishna Chaitanya Kotabhattara - Artificial Intelligence & ...,https://in.linkedin.com/in/krishna-kotabhattara,,
Jacob Kerner - Machine Learning Engineer,https://www.linkedin.com/in/jacob-kerner-6b3832149,,
Himanshu Sharma - Machine Learning Engineer @ @AWS ...,https://www.linkedin.com/in/himanshuss22,,
Muhammad Khaled - AI R&D Specialist @ Softec ...,https://www.linkedin.com/in/muhammadkhaled4899/,,
Alberto Raimondi - Senior Software Engineer,https://it.linkedin.com/in/raialbe/en,,
machine-learning/README.md at master,https://github.com/ethen8181/machine-learning/blob/master/README.md,Blog Solutions By company size Enterprises Small and medium teams Startups Nonprofits By use case DevSecOps DevOps CI/CD,GitHub community articles Repositories Topics Trending Collections Enterprise Enterprise platform AI-powered developer p
"eli64s/readme-ai: README file generator, powered by AI.",https://github.com/eli64s/readme-ai,Blog Solutions By company size Enterprises Small and medium teams Startups Nonprofits By use case DevSecOps DevOps CI/CD,is compatible with across Python versions and environments. Configuration Customize your README generation with a variet
readme.md - MooersLab/artificial-intelligence-voice-in,https://github.com/MooersLab/artificial-intelligence-voice-in/blob/main/readme.md,Blog Solutions By company size Enterprises Small and medium teams Startups Nonprofits By use case DevSecOps DevOps CI/CD,GitHub community articles Repositories Topics Trending Collections Enterprise Enterprise platform AI-powered developer p
awesome-machine-learning/README.md at master,https://github.com/onmyway133/awesome-machine-learning/blob/master/README.md,Blog Solutions By company size Enterprises Small and medium teams Startups Nonprofits By use case DevSecOps DevOps CI/CD,GitHub community articles Repositories Topics Trending Collections Enterprise Enterprise platform AI-powered developer p
Machine-Learning-Collection/README.md at master,https://github.com/aladdinpersson/Machine-Learning-Collection/blob/master/README.md,Blog Solutions By company size Enterprises Small and medium teams Startups Nonprofits By use case DevSecOps DevOps CI/CD,"Security Insights Footer , GitHub community articles Repositories Topics Trending Collections Enterprise Enterprise plat"
README.md - Gitstar-OC/Machine-Learning,https://github.com/Gitstar-OC/Machine-Learning/blob/main/README.md,Blog Solutions By company size Enterprises Small and medium teams Startups Nonprofits By use case DevSecOps DevOps CI/CD,GitHub community articles Repositories Topics Trending Collections Enterprise Enterprise platform AI-powered developer p
README.md - aurimas13/Machine-Learning-Goodness,https://github.com/aurimas13/Machine-Learning-Goodness/blob/main/README.md,Blog Solutions By company size Enterprises Small and medium teams Startups Nonprofits By use case DevSecOps DevOps CI/CD,GitHub community articles Repositories Topics Trending Collections Enterprise Enterprise platform AI-powered developer p
machine-learning-collection/README.md at main,https://github.com/microsoft/machine-learning-collection/blob/main/README.md,Blog Solutions By company size Enterprises Small and medium teams Startups Nonprofits By use case DevSecOps DevOps CI/CD,GitHub community articles Repositories Topics Trending Collections Enterprise Enterprise platform AI-powered developer p
armankhondker/awesome-ai-ml-resources,https://github.com/armankhondker/awesome-ai-ml-resources,Blog Solutions By company size Enterprises Small and medium teams Startups Nonprofits By use case DevSecOps DevOps CI/CD,GitHub community articles Repositories Topics Trending Collections Enterprise Enterprise platform AI-powered developer p
awesome-artificial-intelligence/README.md at master,https://github.com/owainlewis/awesome-artificial-intelligence/blob/master/README.md,Blog Solutions By company size Enterprises Small and medium teams Startups Nonprofits By use case DevSecOps DevOps CI/CD,GitHub community articles Repositories Topics Trending Collections Enterprise Enterprise platform AI-powered developer p
Machine-Learning-Guide/README.md at main,https://github.com/mikeroyal/Machine-Learning-Guide/blob/main/README.md,Blog Solutions By company size Enterprises Small and medium teams Startups Nonprofits By use case DevSecOps DevOps CI/CD,GitHub community articles Repositories Topics Trending Collections Enterprise Enterprise platform AI-powered developer p
README.md - crazyhottommy/machine-learning-resource,https://github.com/crazyhottommy/machine-learning-resource/blob/master/README.md,Blog Solutions By company size Enterprises Small and medium teams Startups Nonprofits By use case DevSecOps DevOps CI/CD,"Security Insights Footer , GitHub community articles Repositories Topics Trending Collections Enterprise Enterprise plat"
machine-learning-resources/README.md at master,https://github.com/datascienceid/machine-learning-resources/blob/master/README.md,Blog Solutions By company size Enterprises Small and medium teams Startups Nonprofits By use case DevSecOps DevOps CI/CD,GitHub community articles Repositories Topics Trending Collections Enterprise Enterprise platform AI-powered developer p
machine_learning_examples/README.md at master,https://github.com/lazyprogrammer/machine_learning_examples/blob/master/README.md,Blog Solutions By company size Enterprises Small and medium teams Startups Nonprofits By use case DevSecOps DevOps CI/CD,"Wiki Security Insights Footer , GitHub community articles Repositories Topics Trending Collections Enterprise Enterprise"
README.md - Machine Learning Engineering Open Book,https://github.com/stas00/ml-engineering/blob/master/README.md,Blog Solutions By company size Enterprises Small and medium teams Startups Nonprofits By use case DevSecOps DevOps CI/CD,GitHub community articles Repositories Topics Trending Collections Enterprise Enterprise platform AI-powered developer p
ai-ml-security/README.md at main,https://github.com/ossf/ai-ml-security/blob/main/README.md,Blog Solutions By company size Enterprises Small and medium teams Startups Nonprofits By use case DevSecOps DevOps CI/CD,GitHub community articles Repositories Topics Trending Collections Enterprise Enterprise platform AI-powered developer p
Problems with adding math formula in README.md #102,https://github.com/STAT545-UBC/Discussion/issues/102,Blog Solutions By company size Enterprises Small and medium teams Startups Nonprofits By use case DevSecOps DevOps CI/CD,"Wiki Security Insights This repository was archived by the owner on Feb 13, 2020. It is now read-only. Problems with add"
Free AI and Machine Learning Roadmap with Resources,https://github.com/aadi1011/AI-ML-Roadmap-from-scratch,Blog Solutions By company size Enterprises Small and medium teams Startups Nonprofits By use case DevSecOps DevOps CI/CD,"Guided Project on RAG 3 YouTube Learn RAG From Scratch Module 8 - Natural Language Processing English, Spanish, French, "
machine-learning-for-software-engineers/README.md ...,https://github.com/ZuzooVn/machine-learning-for-software-engineers/blob/master/README.md,Blog Solutions By company size Enterprises Small and medium teams Startups Nonprofits By use case DevSecOps DevOps CI/CD,GitHub community articles Repositories Topics Trending Collections Enterprise Enterprise platform AI-powered developer p
README.md - tirthajyoti/Machine-Learning-with-Python,https://github.com/tirthajyoti/Machine-Learning-with-Python/blob/master/README.md,Blog Solutions By company size Enterprises Small and medium teams Startups Nonprofits By use case DevSecOps DevOps CI/CD,"0 Security Uh oh, GitHub community articles Repositories Topics Trending Collections Enterprise Enterprise platform AI-p"
Akshay - Dev Portfolio,https://aksh-ai.github.io/,"Research Projects Contact Hi, I, Data Science , My technical ","03, Contact , Contact Hi, I, My independent projects "
Machine-Learning-Portfolio,https://vatsalparsaniya.github.io/Machine-Learning-Portfolio/,TRACK ,I worked on or currently working on. It is updated regularly. I also have the Jupyter Notebook version of some of my Kag
Portfolio,https://chriskhanhtran.github.io/minimal-portfolio/,"Streamlit, Python, Deep Learning, machine learning, NLP, Machine Learning","in CS224n, I am going to perform comprehensive EDA on the breast cancer dataset, then transform the data using Principal"
Portfolio,https://oliviaylee.github.io/portfolio/,"Machine Learning, Deep Learning","Today Years Old, that became my honors thesis. Took more philosophy classes. Had fun enjoying a full Lake Lag and staffi"
Data Science portfolio - the tip of the iceberg | portfolio in ...,https://rugg2.github.io/,"TensorFlow, deep learning, tensorflow, SQL, Python, Deep Learning, machine learning, Keras, python, NLP, Machine Learnin",multi-user movie recommendation system . I am working in collaboration with a Java developer on doing an app that makes 
"Software Engineer, Machine Learning - Portfolio",https://snknitin.github.io/portfolio/portfolio-1/,"NLP, Machine Learning",Blog Posts Industry Social Posts Hobbies CV Miscellaneous Nitin Kishore Sai Samala Staff Data Scientist/ML Research Engi
Machine Learning Portfolio | ayush939,https://ayush939.github.io/,"deep learning, Machine Learning, Deep Learning, machine learning",which I worked on as an Intern at Bosch Startup called Bosch Copperdot. The aim was to build and deploy a machine learni
My Portfolio Website,https://natassha.github.io/natasshaselvaraj/,"include data analysis, visualization, and machine learning. I have developed a strong acumen for problem solving, and I ","description, dashboard, and recommender system. Skills demonstrated, and publish it for everyone to read., and write tut"
Portfolio,https://semodi.github.io/portfolio/,"AWS, Apache Spark, Databricks, ETL, streaming data, sentiment analysis, dash/plotly Learn More Repository So you want to",Write cleaner and safer python code by using this object-oriented programming building block Read Unwrapping the Swiss R
Portfolio and projects -,https://maelfabien.github.io/portfolio/,"PyTorch, deep learning, Streamlit, SQL, Python, Deep Learning, NLP, Machine Learning","- home tech blog travel startup Toggle menu Ma, A series of projects I have realized over the past months, including Mac"
Nikhil Chowdary Paleti - AI Engineer and Researcher | Portfolio,https://nikhil-paleti.github.io/,Machine Learning ,"Undergraduate Projects Real Time AI Sales Management Developed a real-time sales management system with data streaming, "
Machine Learning Portfolio,https://federicobecona.github.io/machine-learning-portfolio/,Machine Learning,Machine Learning Portfolio
Darpan's Personal Website,https://darpan-jain.github.io/,"Programming Languages Python, GoLang, JAX, SQL, Scala, Java, C, C, WORK RESEARCH BLOG ENDORSEMENTS REACH OUT ","he works for in the future. Saurabh Bhanage Co-Founder , in an organized and timely manner. , with a positive force and "
Machine Learning Projects,https://dani1793.github.io/machine-learning-portfolio/,"Machine Learning, Machine learning","Toggle navigation Machine Learning Projects About Email Marketing Mar 1, 2019 This project uses Q Learning based Reinfor"
ML Platform Engineer | Amit Vikram Raj,https://avr2002.github.io/portfolio-avr/,"Python, MLOps MLOps , Python , Web Scraping , Beautiful Soup , AWS Lambda , AWS Simple Queue Service , AWS S3 , Cron , R","Neural Machine Translation, to predict whether a borrower is likely to default in the next 2 years or not, based on cust"
Pierre | Machine Learning Portfolio,https://ntakirutimanapierre.github.io/,"to make the impactful move within you organization. I am actively lookig for Machine Learning Role, most preferable PhD ","blogs Pierre Data Scientist , STUDENT SUCCESS AI ASSISTANT In this project we developed a that model demonstrates its po"
Portfolio Optimization and Performance Evaluation,https://stefan-jansen.github.io/machine-learning-for-trading/05_strategy_evaluation/,through independent bets. It summarizes the importance to play both often ,on GitHub stefan-jansen/machine-learning-for-trading Portfolio Optimization and Performance Evaluation To test a strateg
Yhemmy Portfolio,https://opeyemibami.github.io/yhemmy/,,Yhemmy Portfolio You need to enable JavaS
Nate Kaiser::Portfolio Website,https://njkaiser.github.io/portfolio/mlai.html,Involved Bayesian statistics and Markov Processes Programming in Python Algorithm and data structure development Working,"About Contact Machine Learning , focused on developing an , Overview The following mini-projects were completed througho"
My portfolio,https://codevardhan.github.io/,"PyTorch, deep learning, Flask, Python, Deep Learning, machine learning, python, NLP, Machine Learning","I am currently working as the lead machine learning engineer at BeSuperhuman.ai , which is based in London, UK. Develope"
Free AI Resume Builder [Fast & Easy] | Resume-Now®,https://www.resume-now.com/,,
AI Resume Builder: Create Professional Job Resume Fast,"https://www.canva.com/ai-resume-builder/#:~:text=Yes!,its%20AI%20tools%20and%20apps.",,"Your IP address , This shouldn, Canva Enable JavaScript and cookies to co, If you keep getting this page, Detected locat"
AI Resume Builder,https://enhancv.com/ai-resume-builder/,View All Cover Letter Cover Letter Builder View All Cover Letter Templates View All Free AI Cover Letter Generator View ,Manager Data Scientist Scrum Master Business Analyst AI Resume Builder View All Resume Checker View All Resume Skills Vi
Free Student Resume Samples,https://www.rezi.ai/resume-category/student,,"Resume Keywords Examples , About Us Authors Editorial Process Contac, MyResumeBuilder, Continue reading How to use the R"
The best AI Resume Builder in the world trusted by 1.4M+,https://www.resumebuild.ai/,"Leadership, Explorer Linkedin Profile Importing Version Management Integrated Video Guides All Engineering Design Studen",Manager Resume Copy Template marketing 4.8 stars Director of Marketing and Comms Resume Copy Template marketing 4.5 star
AI Resume Builder: Create Professional Job Resume Fast,https://www.canva.com/ai-resume-builder/,,"Your IP address , This shouldn, Canva Enable JavaScript and cookies to co, If you keep getting this page, Detected locat"
Free AI Resume Builder - Create With MyPerfectResume®,https://www.myperfectresume.com/,,
AI Resume Builder Trusted by 6 Million Job Seekers ...,https://www.kickresume.com/en/ai-resume-writer/,How to Write a Skills Section in 2025,Marta 
AI Student Portfolio Website Builder – Launch in Minutes,https://10web.io/ai-website-builder/student-portfolio/,and attract potential clients by creating a professional website that highlights your student portfolio services. Online,"Politician Language Tutor Esthetician Bar, Logo Maker Business Name Generator Free C, Writer Portfolio English Language "
Resume Genius: Free AI Resume Builder,https://resumegenius.com/,,"Just a moment, Enable JavaScript and cookies to continue"
SkillsFirst: AI Resume Builder,https://careers.augustana.edu/resources/skillsfirst/,"Applicant Tracking Systems , Action Word Phrases Resume Writing Guide Viking Score, and experience to job descriptions. ","Gen International Students LGBTQIA, Resume Writing, The PAR Method Real Talk, Terms of Service Copyright , TH Thursday 8"
How AI Can Help Students Build a Winning Portfolio,https://www.ischoolofai.com/post/how-ai-can-help-students-build-a-winning-portfolio,"and Competencies Skills and competencies demonstrate what the individual can offer. Highlight both technical abilities, ",and guiding them to build an impressive portfolio that showcases their technical expertise and creativity. Recent Posts 
AI Student Resume Maker,https://www.appypiedesign.ai/resume/student/maker,"highlight, experience showcase, unique typography, visually engaging, clean lines, 4k resolution. Contemporary style, ey","With Appy Pie, Design Tools Categories Card Maker Poster, CV design, Image to Animation AI AI Avatar Generator, Video AI"
Resume AI - UCSB Career Services - UC Santa Barbara,https://career.ucsb.edu/digital-resources-toolkit/resumeai,,"Serves as a good initial review for your , Job Search Strategies Resumes Cover Lette, PhD students applying to positions"
"AI Resume Builder for College Students (FREE, No Signup)",https://logicballs.com/tools/resume-builder-for-college-students,"and experiences, significantly improving their chances of securing internships and job opportunities post-graduation. Se","Funny Casual Formal Humble Joyful Urgent , Resume Builder for College Students Resum, AI-generated content is always fla"
Free AI Resume Builder Trusted by +3 Million Job Seekers,https://www.rezi.ai/,"and history that job recruiters really look for. Design Control Easily design a fully ATS, and experience employers need",Manager Creative Producer Disney College Program Its never been easier to make your resume Content-focused features deve
Student Resume Builder - Andromo AI Design,https://andromodesign.ai/blog/student-resume-builder/,,"Forbidden , Access to this page is forbidden"
"Resuma.i. - Free AI Resume Builder & CV Maker, Quick & Easy",https://www.resumai.com/,"and experiences. Discover the Power of Our AI Resume Builder , and achievements. Personalized Content",Manager Creating a resume has never been this easy. The AI-driven content and real-time feedback made the process quick 
[CS student] AI ideas to build a portfolio : r/ArtificialInteligence,https://www.reddit.com/r/ArtificialInteligence/comments/1br4kq5/cs_student_ai_ideas_to_build_a_portfolio/,,"ideas for building a portfolio Best AI projects for students, for students Coolest AI projects for students Public Anyon"
Final-Year AI Students: Here's How to Write a Resume That ...,https://medium.com/@deekshithamiddhla30818/final-year-ai-students-heres-how-to-write-a-resume-that-gets-you-interviews-c5c58c36d2fb,"Python, NumPy, Pandas, Scikit-learn, TensorFlow Git, GitHub, Jupyter Notebook, VS Code, Kaggle , and motivation. ","ideas , on , material, If you, Name, on LinkedIn or Medium with a short write-up , for Final Year link , into a GitHub r"
